id;year;clmhrs;prjhrs;;AE;AP;INP;LB;NM;OS;PD;PH
1;2022;167;30;;58;133;62;1720;100;1820;2461;4532
2;2022;147;13;;63;151;62;1937;132;1323;1315;3644
3;2022;152;25;;60;166;45;1813;122;2007;1295;3981
4;2022;146;48;;47;143;45;1856;113;1487;1593;4797
5;2022;138;21;;47;168;70;1901;129;1231;2429;4637
6;2022;148;51;;56;156;49;2069;135;1602;1495;3910
7;2022;163;35;;65;164;69;1983;86;2277;2011;4347
8;2022;168;23;;44;168;63;1668;106;1973;3147;4472
9;2022;154;44;;70;176;83;1992;54;1911;2196;4569
10;2022;168;33;;61;143;80;1997;79;2165;2049;4459
11;2022;148;12;;67;174;62;2015;114;2266;3132;4157
12;2022;157;14;;66;143;71;1740;55;2144;2228;3683
13;2022;155;17;;49;158;81;1930;149;1815;2884;3747
14;2022;140;41;;49;165;45;1737;51;2191;2934;4417
15;2022;162;53;;64;171;84;2085;107;2122;2432;4167
16;2022;151;37;;43;154;44;1848;114;1377;1377;4774
17;2022;142;50;;58;163;74;1987;146;1625;1301;4405
18;2022;138;48;;58;164;59;1814;74;1216;1463;3816
19;2022;139;36;;50;130;82;1723;77;1727;2889;4385
20;2022;142;41;;67;153;73;1652;124;1356;2925;3955
21;2022;166;26;;47;165;78;1926;62;2109;2427;3668
22;2022;155;34;;42;147;71;2030;58;1913;1613;4223
23;2022;139;20;;53;143;80;2014;108;1481;2733;4603
24;2022;161;28;;47;131;76;1828;94;1600;2850;3714
25;2022;161;43;;58;156;48;2014;116;1749;1852;4557
26;2022;156;50;;60;160;60;1854;56;1370;2415;3956
27;2022;157;20;;48;177;78;1782;98;1703;2483;3780
28;2022;144;13;;50;146;77;1782;58;2048;1789;4008
29;2022;148;14;;40;139;65;1788;55;1966;1280;4331
30;2022;168;39;;53;146;56;1773;148;1781;2478;3872
31;2022;157;12;;64;178;42;1738;52;1966;1313;3777
32;2022;168;27;;68;174;62;1734;103;1343;2559;4400
33;2022;143;33;;65;152;76;1859;109;1254;2595;4027
34;2022;163;13;;59;179;78;1813;97;2213;2125;4734
35;2022;140;47;;64;173;50;1916;145;1695;2898;4464
36;2022;149;23;;64;147;47;1823;66;1937;2257;3735
37;2022;151;20;;51;151;40;1989;76;1473;2898;4664
38;2022;154;46;;41;164;71;1880;72;1885;1948;3832
39;2022;154;21;;64;145;63;1862;50;1229;2350;3739
40;2022;164;36;;49;169;59;1901;84;2256;2325;4531
41;2022;143;54;;68;144;83;1849;121;2162;2292;4368
42;2022;155;40;;51;147;85;1760;79;1910;2331;3857
43;2022;137;37;;64;167;80;1970;80;1885;1726;4092
44;2022;137;21;;56;179;85;2046;129;1398;1485;4123
45;2022;137;37;;50;173;74;1901;59;1735;3146;3616
46;2022;150;11;;62;158;42;1878;132;1276;2360;4320
47;2022;135;16;;45;144;77;1661;55;1827;1828;4291
48;2022;137;27;;60;156;44;2088;146;1546;2945;4364
49;2022;155;12;;43;150;44;2099;149;2043;2377;3653
50;2022;152;39;;68;146;85;1869;85;2226;2658;3651
51;2022;157;49;;69;179;58;1673;78;1730;1454;3837
52;2022;150;29;;40;141;41;1960;77;2065;1244;3721
53;2022;137;49;;43;160;76;2048;76;1721;1995;3681
54;2022;148;42;;40;165;60;1710;143;1997;2297;4020
55;2022;137;19;;50;132;49;1998;84;1900;1907;3949
56;2022;145;20;;59;159;40;2020;143;1918;1474;4012
57;2022;158;44;;49;161;62;1817;107;1406;3051;4699
58;2022;168;14;;50;140;65;2095;111;2279;2728;3630
59;2022;166;14;;47;152;67;1687;56;1391;2716;4213
60;2022;165;53;;65;145;65;1739;102;2201;2826;4188
61;2022;164;20;;62;173;40;1879;128;2256;2018;3905
62;2022;156;33;;43;178;43;1839;67;1565;2713;4097
63;2022;143;44;;68;173;59;1787;126;1377;2890;4559
64;2022;155;10;;59;138;46;2096;76;1523;3054;4165
65;2022;142;31;;60;143;60;1765;75;1505;2953;4727
66;2022;136;13;;44;166;51;1967;134;1778;1682;3717
67;2022;144;16;;56;148;66;1663;108;1842;2973;3712
68;2022;151;12;;62;172;55;1770;101;2247;1432;3627
69;2022;168;33;;51;136;45;1710;94;1617;1979;4350
70;2022;154;40;;58;178;51;1752;58;1991;1955;4246
71;2022;147;52;;66;140;85;1674;106;1534;1375;4728
72;2022;167;47;;59;171;61;1895;70;1950;1424;4509
73;2022;143;36;;61;174;63;2001;110;1218;2773;3726
74;2022;137;20;;41;133;50;1783;92;2173;1822;4361
75;2022;162;18;;70;131;83;1851;69;1971;2901;4362
76;2022;153;41;;66;148;80;1842;55;1306;3185;4484
77;2022;137;54;;53;163;73;1879;148;1676;1643;3797
78;2022;154;39;;46;157;65;2027;109;1672;2343;4058
79;2022;135;39;;63;145;64;1838;59;2242;1693;4545
80;2022;139;38;;60;176;75;1756;97;1948;1962;4313
81;2022;145;10;;63;137;79;1691;79;1655;3064;4129
82;2022;154;14;;40;154;56;1666;50;1806;1617;3711
83;2022;163;32;;54;153;65;1907;139;1256;2679;3879
84;2022;144;31;;50;163;54;1732;71;1882;1822;4406
85;2022;162;39;;64;131;51;1935;74;1700;3083;4145
86;2022;144;44;;56;157;52;1694;107;1569;2510;3645
87;2022;160;53;;64;131;51;1754;115;1470;2498;3600
88;2022;152;12;;46;155;41;1848;58;1748;1378;4306
89;2022;145;45;;67;175;49;1821;126;2248;2191;4384
90;2022;137;37;;64;160;45;1696;51;1987;2611;4346
91;2022;165;20;;56;178;54;1908;92;1785;2398;4629
92;2022;152;21;;67;139;54;1666;143;2100;1440;4077
93;2022;159;20;;43;141;51;1897;149;2163;1369;4681
94;2022;143;50;;52;179;74;1931;50;2270;2864;3635
95;2022;162;47;;53;154;40;1758;84;1677;2068;4185
96;2022;160;44;;56;168;59;1757;84;2096;3132;3878
97;2022;141;55;;55;149;49;1769;81;1913;3104;4556
98;2022;160;41;;53;173;42;1651;66;1969;1655;4761
99;2022;149;46;;66;143;40;1767;127;1306;3127;4275
100;2022;157;29;;42;138;81;1987;79;1219;3061;4714
101;2022;162;41;;48;140;42;2089;90;2113;2423;4095
102;2022;146;50;;58;136;79;1742;149;2119;2866;4226
103;2022;153;47;;46;131;49;2083;51;1813;2782;4298
104;2022;156;11;;46;150;70;1673;124;1699;2652;3718
105;2022;137;29;;52;133;76;2097;62;1913;1737;3968
106;2022;137;18;;69;154;57;1878;124;1699;2211;3803
107;2022;136;32;;58;132;53;2067;82;1802;2848;3882
108;2022;136;30;;59;153;62;1826;132;2097;1338;4245
109;2022;143;45;;64;132;54;2083;128;1780;1801;3641
110;2022;158;25;;50;158;77;1709;126;1282;2642;4574
111;2022;143;11;;64;147;47;1875;55;2002;2953;3806
112;2022;149;13;;43;179;47;1902;86;1911;1411;4308
113;2022;166;21;;43;162;69;1966;98;2291;2264;4593
114;2022;144;17;;47;167;48;1896;92;1930;2040;3861
115;2022;143;44;;44;163;51;2043;64;1541;1421;4730
116;2022;155;34;;40;173;63;2047;122;1862;2169;4063
117;2022;163;47;;56;177;69;1973;52;1654;2247;4375
118;2022;152;34;;52;151;45;1749;143;1418;2075;4528
119;2022;164;32;;69;137;42;2014;141;2158;1928;4339
120;2022;162;19;;66;171;51;1948;77;1562;2231;4645
121;2022;153;21;;47;166;44;1725;140;1732;2392;4383
122;2022;160;15;;48;150;47;1734;121;1607;2664;3682
123;2022;137;39;;66;135;79;1755;65;1996;2619;4534
124;2022;143;18;;40;158;77;1915;140;1242;1636;3669
125;2022;141;42;;70;136;67;2098;77;1889;1893;3689
126;2022;166;53;;40;177;53;1689;62;1870;2206;4610
127;2022;168;20;;67;178;55;1778;111;1316;2222;4420
128;2022;141;38;;40;139;75;1731;132;2003;2653;4512
129;2022;138;50;;42;178;64;1669;123;2258;1424;3987
130;2022;155;44;;64;158;66;1856;50;1957;2777;4676
131;2022;158;24;;48;164;62;1924;112;1822;1238;4187
132;2022;146;54;;61;151;83;1831;99;2011;2797;4712
133;2022;158;55;;68;150;80;1724;60;1325;1585;4051
134;2022;145;14;;61;165;72;1973;89;2186;2066;3695
135;2022;163;11;;47;140;42;1882;107;2221;2213;4040
136;2022;148;11;;44;142;67;1990;56;1929;2056;3977
137;2022;157;47;;43;149;58;2005;58;1872;2313;4551
138;2022;152;30;;65;140;67;2009;86;2283;3106;3622
139;2022;152;21;;65;143;43;1695;84;1405;2216;4681
140;2022;137;49;;63;135;83;1716;87;1341;1213;4726
141;2022;155;52;;53;135;44;1981;53;1543;2239;3667
142;2022;139;35;;64;152;59;2050;123;2173;2709;3717
143;2022;168;20;;53;167;72;1868;102;1840;1589;4311
144;2022;147;18;;49;162;68;1993;66;1639;1985;4769
145;2022;157;55;;63;135;52;1688;84;1497;2069;4441
146;2022;149;35;;46;165;71;1936;145;2166;2460;4311
147;2022;148;44;;46;171;52;1919;108;1328;1675;3975
148;2022;155;42;;70;141;63;2007;96;1604;3021;4375
149;2022;165;47;;42;173;43;1706;59;1757;3072;3739
150;2022;150;16;;55;131;73;1926;82;1828;1325;3647
151;2022;159;29;;67;143;45;1895;116;1917;2831;4573
152;2022;142;11;;46;176;41;1895;149;1767;3157;4100
153;2022;166;28;;61;146;62;2100;114;1439;1223;4319
154;2022;149;21;;45;150;55;1958;92;1689;1731;4100
155;2022;152;38;;50;154;68;1944;61;1326;2003;4105
156;2022;155;17;;59;171;49;1864;135;2094;2615;3689
157;2022;139;11;;49;134;74;2031;62;2066;2853;4041
158;2022;136;41;;64;144;62;2043;101;1993;2915;3697
159;2022;157;22;;50;164;69;1832;136;1694;1476;3677
160;2022;158;28;;52;166;55;1826;61;1843;3005;3867
161;2022;142;19;;65;156;67;1850;68;1326;1269;4562
162;2022;135;32;;41;133;71;1761;145;2257;2694;4694
163;2022;145;47;;47;149;70;1791;82;2091;1313;3600
164;2022;153;20;;48;147;51;2032;56;2209;2453;4056
165;2022;158;24;;57;167;55;1730;58;1257;2360;4075
166;2022;149;15;;48;161;57;1741;87;1293;3070;3954
167;2022;138;34;;56;168;50;1860;126;2076;1865;4629
168;2022;155;14;;60;141;68;1880;51;1257;2438;3965
169;2022;162;40;;53;171;56;1818;76;1502;1267;3922
170;2022;164;15;;57;146;49;1750;98;1843;2335;4167
171;2022;153;50;;45;143;83;1952;82;1798;2778;4166
172;2022;166;53;;46;157;57;1845;140;1450;2407;3671
173;2022;165;25;;40;174;84;1863;91;1941;2238;3883
174;2022;155;16;;54;149;68;1798;85;2181;2010;4025
175;2022;148;33;;57;161;61;1793;106;1232;2587;4156
176;2022;152;16;;67;170;83;1955;66;2260;1445;4059
177;2022;144;50;;52;143;65;1892;118;1905;2635;4039
178;2022;165;42;;68;172;68;2032;108;2204;1907;4667
179;2022;160;38;;62;163;45;1776;51;1478;2146;3720
180;2022;143;16;;63;138;49;2012;56;1260;1364;3943
181;2022;168;36;;63;136;69;1994;95;1324;2844;4772
182;2022;156;15;;61;130;85;1756;67;1881;2816;4645
183;2022;137;30;;54;144;82;1699;141;1675;2727;4381
184;2022;140;40;;49;177;81;1762;87;1473;2863;3952
185;2022;168;38;;57;152;51;1888;77;2056;1443;4011
186;2022;165;47;;59;139;47;1963;66;1906;2870;3759
187;2022;155;39;;52;145;59;1952;100;2209;2081;4397
188;2022;161;29;;57;151;59;1736;149;1426;2567;3989
189;2022;161;14;;67;177;85;1754;119;1501;1248;4460
190;2022;148;34;;46;169;52;1893;95;2180;2323;4208
191;2022;162;55;;43;170;68;1915;66;2228;2948;4344
192;2022;162;17;;47;130;42;1844;129;1365;2335;4704
193;2022;152;18;;65;151;44;1863;64;2134;1969;3769
194;2022;161;34;;50;178;60;1931;85;1491;1454;4481
195;2022;144;36;;61;149;42;1681;71;1939;2024;3640
196;2022;137;25;;55;141;48;1757;121;1861;1221;3630
197;2022;163;47;;64;165;81;1760;77;2074;3137;4264
198;2022;167;22;;42;176;48;1912;71;1663;2917;4063
199;2022;156;53;;50;148;75;1795;80;2128;3000;4644
200;2022;166;35;;50;177;77;1906;58;1474;1245;4722
201;2022;159;39;;63;131;55;1992;58;1604;3012;3886
202;2022;162;30;;43;164;47;1836;85;1363;2162;4006
203;2022;154;51;;50;171;46;1913;52;1640;2501;3877
204;2022;148;31;;51;152;68;1839;144;1249;3077;4353
205;2022;158;22;;44;132;57;1719;70;1604;1836;4281
206;2022;138;22;;67;130;62;1758;118;1305;1649;4401
207;2022;154;21;;58;148;76;1746;126;1986;1204;4484
208;2022;153;21;;53;136;58;1918;112;1749;2737;3670
209;2022;141;20;;45;179;84;2059;147;1538;2892;4015
210;2022;163;40;;62;151;51;1687;137;1340;2142;4542
211;2022;151;14;;66;163;43;1809;140;2099;2751;4061
212;2022;138;21;;60;152;84;1835;87;1337;1317;4681
213;2022;162;30;;65;171;58;1930;109;2206;1589;3954
214;2022;135;24;;49;177;70;1953;99;2097;2246;3843
215;2022;138;43;;45;144;62;1787;76;1432;1250;4024
216;2022;155;35;;60;153;45;1935;86;2003;1588;4281
217;2022;161;22;;59;142;73;1887;124;1595;1641;4163
218;2022;137;35;;40;131;57;1872;98;1892;1466;4157
219;2022;168;29;;69;160;54;1658;74;1580;2988;3648
220;2022;147;52;;48;176;40;2038;60;2153;1905;3666
221;2022;140;38;;49;154;42;1879;111;1990;2555;4664
222;2022;161;13;;57;178;66;1743;143;1627;2383;4576
223;2022;144;28;;46;170;54;1925;59;1339;1708;3632
224;2022;136;36;;70;161;47;1685;93;1735;2020;4764
225;2022;155;50;;70;134;42;1718;67;1718;2445;3721
226;2022;156;18;;65;166;65;1723;102;1235;2082;4765
227;2022;165;41;;48;174;61;1849;58;1801;3172;4151
228;2022;160;23;;70;160;80;1958;57;2185;2191;4268
229;2022;160;48;;47;144;73;1850;141;1963;1232;4346
230;2022;143;43;;52;151;74;1982;120;1232;1749;3883
231;2022;139;14;;61;149;44;1706;74;1562;2062;4508
232;2022;139;52;;46;169;79;1936;93;1751;1882;3754
233;2022;145;19;;70;146;60;1963;111;1700;1386;3683
234;2022;151;28;;55;177;55;1931;67;1904;3195;4729
235;2022;136;16;;62;149;43;2001;110;1927;2247;4682
236;2022;141;25;;67;149;46;1871;78;2140;1610;3999
237;2022;140;31;;49;155;55;1985;102;1939;2566;4147
238;2022;152;43;;53;170;81;1705;133;2203;2534;4432
239;2022;161;40;;68;168;53;2090;97;1574;1406;3738
240;2022;145;52;;59;153;85;1779;65;1495;1911;4145
241;2022;140;29;;46;138;44;1866;110;2219;1618;4726
242;2022;148;32;;65;169;57;1816;123;2074;3078;3766
243;2022;141;13;;44;160;71;1739;91;1646;2411;4148
244;2022;162;12;;45;138;42;1859;136;2001;2277;4205
245;2022;165;37;;53;133;80;1922;116;1940;2722;4732
246;2022;163;34;;63;139;82;1941;138;2194;2158;4011
247;2022;167;42;;67;170;65;1950;52;1746;1841;3712
248;2022;152;34;;44;148;84;1934;57;1438;2157;3912
249;2022;145;40;;45;176;43;1985;82;1560;2242;3906
250;2022;146;12;;62;170;68;2000;148;2236;2559;3713
251;2022;163;13;;52;136;56;2096;106;1781;2831;3690
252;2022;147;24;;50;162;40;1833;149;1743;2528;3982
253;2022;151;38;;45;134;70;1668;82;1608;2479;4448
254;2022;153;32;;46;162;49;1687;103;2162;1894;3992
255;2022;140;40;;44;165;79;1794;110;1508;1434;3735
256;2022;155;25;;41;175;56;1961;58;1512;1283;3819
257;2022;164;15;;58;175;81;1650;136;1629;1837;4647
258;2022;137;47;;41;155;67;1902;100;1302;3100;3714
259;2022;159;24;;42;136;40;1970;114;1284;3119;3637
260;2022;143;54;;52;177;71;2097;145;1352;1781;4339
261;2022;158;25;;41;145;44;1689;79;2095;2202;4199
262;2022;135;55;;58;176;69;2072;68;1451;3104;4302
263;2022;142;34;;50;167;55;2031;87;1822;2566;4038
264;2022;139;22;;50;144;85;1820;62;1737;2466;4425
265;2022;157;33;;63;142;66;1887;72;1822;1294;3792
266;2022;149;15;;43;168;84;1842;141;1833;2938;3878
267;2022;146;53;;55;172;82;1710;61;1519;2981;3618
268;2022;145;48;;49;177;79;2088;126;1262;2174;4532
269;2022;154;51;;51;134;67;1817;137;1822;1588;3640
270;2022;168;44;;49;151;40;2015;148;2269;1480;4509
271;2022;145;13;;42;140;58;1850;81;1362;1642;3651
272;2022;137;24;;68;171;57;2083;53;1431;1347;4589
273;2022;167;38;;57;175;72;1831;126;1890;2337;4121
274;2022;158;16;;64;174;64;2058;80;2173;3149;4307
275;2022;147;37;;62;160;79;1944;97;1263;2599;4110
276;2022;167;52;;67;153;85;1741;85;1518;2347;4466
277;2022;141;23;;63;154;73;1759;80;1539;2807;3906
278;2022;153;14;;66;179;71;1670;65;2055;1841;4337
279;2022;167;31;;61;177;83;1873;94;1789;1901;3724
280;2022;158;26;;62;178;59;1710;138;1252;1241;4465
281;2022;164;49;;61;140;43;1672;98;1332;2401;4481
282;2022;151;40;;67;136;60;2038;145;2038;2618;3826
283;2022;163;14;;54;141;73;1665;109;1337;3166;4718
284;2022;149;52;;65;157;43;1802;69;1251;2030;4766
285;2022;160;46;;61;160;45;1923;137;1932;3009;3923
286;2022;157;42;;64;150;69;1800;113;1896;1293;3893
287;2022;136;19;;40;137;70;2009;73;1414;2645;4354
288;2022;155;53;;61;130;78;1697;126;1916;1315;3630
289;2022;152;29;;57;150;78;1767;142;1498;2024;3820
290;2022;164;52;;52;144;84;1969;97;2229;2953;4220
291;2022;156;13;;44;133;53;1892;63;1821;2672;3682
292;2022;135;46;;70;137;78;1651;114;1754;2703;4209
293;2022;152;43;;47;145;49;1726;111;1650;2058;4032
294;2022;157;24;;59;157;62;1838;99;1625;3010;3814
295;2022;137;20;;44;163;82;1905;128;1422;2477;4588
296;2022;135;29;;69;173;49;1878;146;2031;2749;4597
297;2022;141;42;;67;140;53;1846;75;1993;1586;4288
298;2022;149;33;;48;156;85;1743;56;1764;2260;4575
299;2022;145;40;;57;130;83;1954;79;2017;2209;4220
300;2022;166;32;;48;176;73;1979;70;1631;1344;3957
301;2022;150;31;;54;175;50;1796;101;2089;2984;4437
302;2022;136;52;;47;133;51;1833;147;2103;2907;4034
303;2022;163;44;;49;169;82;1755;62;1565;1220;4427
304;2022;150;55;;58;151;43;2024;142;2277;2396;4493
305;2022;162;19;;58;179;77;1831;132;2186;2123;3925
306;2022;142;35;;63;154;59;1716;83;1488;1761;3810
307;2022;136;17;;47;163;65;1729;61;1841;2990;4640
308;2022;146;41;;41;153;79;1801;104;2112;2646;4464
309;2022;143;20;;53;141;65;2014;73;2299;3072;4495
310;2022;163;33;;69;161;66;1849;80;2204;1775;3990
311;2022;153;21;;58;179;45;2081;56;1710;1507;4434
312;2022;149;18;;47;159;85;1713;73;2014;2634;3629
313;2022;164;36;;50;148;81;1959;110;2214;2740;3934
314;2022;138;53;;46;175;59;2075;147;1377;3113;4082
315;2022;157;20;;60;178;45;1809;97;1391;1582;4373
316;2022;159;23;;57;173;85;1945;85;1523;2465;4537
317;2022;156;41;;41;156;41;1837;72;1877;1407;4151
318;2022;162;45;;44;161;71;1859;126;2154;1652;4376
319;2022;151;44;;46;174;77;1971;66;2040;2273;4246
320;2022;141;30;;42;150;76;2041;66;1427;2445;3917
321;2022;159;43;;61;165;81;1951;126;1609;2844;3660
322;2022;145;50;;62;133;47;1864;50;1894;2050;3911
323;2022;155;20;;59;136;81;1903;52;1657;2175;4799
324;2022;142;44;;57;172;40;1990;61;2222;2264;3640
325;2022;167;41;;47;154;67;1826;91;1451;1446;4132
326;2022;146;37;;65;174;71;1840;69;1887;2508;4269
327;2022;144;25;;61;168;85;1701;148;2145;2606;3786
328;2022;151;14;;65;179;57;1770;107;1858;1463;3820
329;2022;142;19;;67;153;59;1808;67;2287;2616;3736
330;2022;154;13;;52;176;43;2042;73;1941;2442;4603
331;2022;157;27;;53;158;75;1731;62;1270;1327;3953
332;2022;159;14;;50;158;63;1988;83;1236;1408;4495
333;2022;142;19;;49;176;58;1988;90;1829;1359;4597
334;2022;151;51;;55;150;62;1771;50;2103;2677;3847
335;2022;142;51;;67;170;65;2089;127;1622;1624;3709
336;2022;143;34;;48;144;83;2085;95;1288;3031;4769
337;2022;153;38;;54;133;55;1828;125;1780;3124;4108
338;2022;155;13;;58;141;78;1703;108;1662;1401;4302
339;2022;154;39;;40;158;55;1796;72;1784;2730;4424
340;2022;163;36;;63;169;57;2025;136;1414;2170;4763
341;2022;164;44;;44;176;57;2099;81;1678;1307;3656
342;2022;139;11;;47;164;55;1705;91;2154;2912;3714
343;2022;149;18;;50;137;40;1948;144;1845;2182;4746
344;2022;168;42;;43;141;69;2075;64;1711;1372;4765
345;2022;151;40;;69;130;64;1905;54;1481;2438;4089
346;2022;154;27;;40;153;61;1700;119;2138;2613;4288
347;2022;158;35;;47;155;46;1772;70;1902;2582;4760
348;2022;159;33;;47;133;55;1976;89;1459;3001;3726
349;2022;141;14;;51;153;48;1883;107;2015;1911;3865
350;2022;164;35;;43;166;60;1657;74;1968;1374;3851
351;2022;147;44;;57;139;44;1979;67;2283;2139;3893
352;2022;168;55;;59;147;60;1823;129;1421;1277;4598
353;2022;150;20;;57;150;69;2007;134;2251;1403;3619
354;2022;143;20;;70;157;85;2048;83;2220;1496;4611
355;2022;160;37;;49;153;50;1799;58;2028;3003;4261
356;2022;163;40;;55;143;71;2080;125;1662;1396;3999
357;2022;144;40;;51;160;51;2039;85;1417;2330;3755
358;2022;164;21;;41;146;44;1713;102;1352;2982;3713
359;2022;135;20;;52;138;46;1853;144;1465;3090;4476
360;2022;157;24;;48;135;67;1678;120;1271;2364;4218
361;2022;157;51;;63;137;78;2023;134;1914;2073;4699
362;2022;138;51;;45;173;67;1721;114;1869;1411;3934
363;2022;158;22;;65;146;45;2012;103;2015;2433;4299
364;2022;139;55;;60;171;75;1924;79;1972;2594;4204
365;2022;143;47;;49;131;60;2087;121;1280;2836;4410
366;2022;150;30;;53;138;70;1773;79;1403;1372;4360
367;2022;140;50;;63;180;42;1771;140;1700;1976;4639
368;2022;149;50;;59;145;47;1919;66;2290;2972;3712
369;2022;163;25;;53;177;56;1830;136;1923;1754;4575
370;2022;153;40;;49;135;85;1878;134;1856;2394;4498
371;2022;136;34;;63;142;71;1793;129;1750;3140;4557
372;2022;143;20;;67;180;77;2070;114;1914;1565;4621
373;2022;136;13;;53;175;44;1845;87;1854;2728;3952
374;2022;162;18;;55;158;45;1730;95;2067;2673;3942
375;2022;162;30;;42;176;75;2095;137;1729;3141;4295
376;2022;167;16;;60;146;68;1983;72;2077;2687;4256
377;2022;144;16;;48;178;56;1789;55;1223;2327;4722
378;2022;144;50;;50;158;63;1784;140;2164;2398;4487
379;2022;135;52;;45;178;64;1960;67;1246;1692;3670
380;2022;143;28;;61;144;41;1950;137;1832;2124;3631
381;2022;162;32;;49;148;42;1693;148;1531;1521;3960
382;2022;149;50;;60;135;54;1890;56;2105;3165;3740
383;2022;149;34;;48;153;59;1840;93;1426;2511;4054
384;2022;146;55;;54;152;76;1731;131;1449;1980;4164
385;2022;152;55;;48;138;47;1918;119;2136;1664;4427
386;2022;164;54;;49;167;41;2028;136;2007;2221;3739
387;2022;150;15;;62;136;42;1747;139;1764;1397;3940
388;2022;148;15;;57;170;40;1711;82;1866;1226;3625
389;2022;140;32;;59;146;84;1735;55;1497;2751;4380
390;2022;151;27;;42;173;57;1942;94;1531;2843;4676
391;2022;146;43;;62;159;41;2020;87;1956;2952;4155
392;2022;155;24;;69;168;66;1873;104;2027;1357;4296
393;2022;157;40;;62;163;85;2037;72;1920;3169;4691
394;2022;142;39;;44;178;64;1901;128;1741;2089;4420
395;2022;145;24;;45;134;60;1929;122;1836;2691;4622
396;2022;141;32;;44;166;55;1898;110;1978;2348;4468
397;2022;160;14;;45;132;53;1966;128;2188;2922;4289
398;2022;158;37;;58;134;56;1750;104;2264;2153;4120
399;2022;158;35;;49;133;61;1923;127;1548;1336;3929
400;2022;154;50;;60;133;50;2088;115;1979;2562;4424
401;2022;145;54;;68;131;62;1886;61;2047;1993;4429
402;2022;135;45;;50;175;44;1829;115;1502;2958;3769
403;2022;142;43;;59;175;42;1910;88;1662;2254;3920
404;2022;138;27;;48;160;83;1985;118;1974;1790;4250
405;2022;150;40;;63;151;46;2006;121;1876;2778;4175
406;2022;150;45;;67;136;60;2037;115;2177;1968;4525
407;2022;142;24;;70;177;60;1790;140;1785;2817;4785
408;2022;150;52;;57;135;47;1958;51;1664;1411;4250
409;2022;150;38;;64;147;82;1980;84;1359;1331;3667
410;2022;162;12;;48;180;45;1993;149;1920;3060;4774
411;2022;155;46;;41;153;46;1816;138;1712;1417;3665
412;2022;147;45;;52;140;82;1828;122;1770;1256;3876
413;2022;156;43;;64;176;45;1869;109;1657;1268;4263
414;2022;156;36;;60;152;44;1856;150;1852;2150;4659
415;2022;157;14;;41;136;68;1965;68;1487;1358;3936
416;2022;151;29;;42;151;47;1751;60;2264;2157;3900
417;2022;148;20;;70;168;44;1670;119;1706;2630;3814
418;2022;157;39;;61;166;59;2096;94;1809;1811;3889
419;2022;164;30;;57;160;41;1929;144;1254;2714;3612
420;2022;165;29;;59;176;68;2032;145;1236;2789;3964
421;2022;153;28;;54;168;56;1678;64;1294;2177;3857
422;2022;144;54;;53;161;61;1730;134;1423;2440;3716
423;2022;144;22;;54;139;67;1988;50;1856;1227;3773
424;2022;151;32;;43;151;52;1760;98;1885;2733;4000
425;2022;144;21;;52;159;72;1879;136;1414;1247;4426
426;2022;155;19;;62;162;76;1911;100;1790;1761;4038
427;2022;139;32;;51;163;66;2092;69;2154;1587;4153
428;2022;164;10;;40;149;44;1857;78;1883;1455;4642
429;2022;157;37;;56;140;50;1721;142;1246;2708;4065
430;2022;156;47;;43;141;44;1795;83;1809;2443;3607
431;2022;155;38;;50;163;47;1720;65;2253;2757;4630
432;2022;151;14;;51;136;52;1994;134;2163;2512;4043
433;2022;161;11;;58;174;63;1964;112;1470;2444;4529
434;2022;136;17;;68;154;60;2034;92;1896;1471;4309
435;2022;153;37;;58;140;80;1738;74;1890;2199;4176
436;2022;151;14;;52;163;68;2000;79;1445;2126;3984
437;2022;145;40;;67;136;40;1926;134;1210;1942;3809
438;2022;152;32;;47;147;43;1742;145;1404;2942;4326
439;2022;154;28;;50;176;85;1896;141;1803;3145;3879
440;2022;139;35;;59;174;55;1839;110;1770;1678;4734
441;2022;135;45;;53;157;74;1839;126;1697;1261;4270
442;2022;141;30;;59;172;52;1697;139;1892;1991;4265
443;2022;139;27;;57;145;44;1657;147;1619;3090;4002
444;2022;154;43;;52;133;62;1820;113;1985;2934;4330
445;2022;148;46;;58;163;71;1695;101;1652;2297;3731
446;2022;168;46;;45;162;55;1653;111;2085;1498;4762
447;2022;142;30;;44;171;41;2089;115;1749;2815;4085
448;2022;165;15;;58;168;48;2021;58;2225;1498;4061
449;2022;160;55;;60;153;48;2083;95;1740;3192;3755
450;2022;163;24;;47;179;71;1672;64;1851;1808;4017
451;2022;142;18;;62;130;45;1685;147;1805;2165;4290
452;2022;136;50;;64;134;52;1865;67;1750;2390;4650
453;2022;161;21;;47;142;85;1693;70;1360;1331;4211
454;2022;147;10;;56;137;71;2047;99;1256;2692;4129
455;2022;140;42;;65;178;78;1828;101;1410;2212;4394
456;2022;165;22;;41;152;69;1702;109;1709;1219;4211
457;2022;164;52;;53;153;75;1720;57;1299;2396;3656
458;2022;137;45;;47;169;58;1783;77;1680;2391;3644
459;2022;157;27;;48;132;63;1715;139;1339;2247;4330
460;2022;155;47;;48;172;76;1818;80;1823;2108;3996
461;2022;139;10;;52;131;54;1768;51;1386;1328;4576
462;2022;168;21;;61;134;59;1931;84;1723;2637;3724
463;2022;164;54;;67;140;60;1752;63;1445;1729;4532
464;2022;145;19;;59;149;52;1925;57;1426;2783;4677
465;2022;137;42;;59;154;52;2001;68;1494;2555;3832
466;2022;138;55;;46;148;83;1943;110;1559;2499;4179
467;2022;163;17;;49;172;42;1985;90;1412;1346;3769
468;2022;167;32;;61;173;80;2021;75;1716;3063;3884
469;2022;142;19;;47;159;45;1914;108;2164;1808;4617
470;2022;158;41;;48;136;80;1923;138;1368;2326;4553
471;2022;143;42;;65;144;70;1874;88;1771;1743;4034
472;2022;142;43;;48;155;75;2030;73;1470;1851;4195
473;2022;146;39;;61;168;83;1660;101;1205;2359;4194
474;2022;161;54;;44;149;70;1975;66;1468;1844;4331
475;2022;152;17;;52;170;43;1966;136;1665;1511;3742
476;2022;153;28;;58;156;81;2024;138;1650;1241;4783
477;2022;168;15;;57;148;44;1857;60;1911;1782;3679
478;2022;154;35;;70;149;77;1953;149;1221;2660;4299
479;2022;143;46;;59;140;49;1874;80;2234;3005;4626
480;2022;148;35;;59;159;53;1752;52;1755;2164;4772
481;2022;151;44;;60;165;57;2073;134;1938;2259;4568
482;2022;160;29;;69;139;54;1982;142;2004;1793;3938
483;2022;143;45;;69;141;40;1698;140;2095;2924;4514
484;2022;157;42;;70;131;53;1971;70;1469;2312;4735
485;2022;135;50;;40;146;53;1945;97;1922;1992;3852
486;2022;136;24;;70;179;44;1751;146;1971;2912;4057
487;2022;168;13;;53;154;48;1951;113;1501;1832;4501
488;2022;156;47;;52;179;75;1908;102;1512;2429;4312
489;2022;164;45;;63;163;53;2032;115;2075;2698;4560
490;2022;135;30;;70;132;57;1745;76;1551;2922;4261
491;2022;165;38;;41;159;49;1819;96;1457;1923;3724
492;2022;151;14;;55;155;53;1928;95;1407;1734;4222
493;2022;164;48;;59;171;75;1960;143;1656;2522;3946
494;2022;157;16;;60;163;50;2087;52;1250;2925;4381
495;2022;144;25;;69;175;78;1726;125;1272;2408;4187
496;2022;165;11;;68;156;54;1879;122;1543;1777;3660
497;2022;156;27;;64;180;85;1793;116;1308;1788;3870
498;2022;162;17;;69;164;71;1704;96;2179;2994;4604
499;2022;151;29;;69;176;43;1921;65;1377;1750;3805
500;2022;137;18;;62;156;79;1904;52;1331;2516;3830
501;2022;157;26;;60;132;73;2087;87;1868;2889;4070
502;2022;161;38;;52;135;52;2076;72;1376;2157;4616
503;2022;155;10;;54;151;45;1951;102;1709;1394;4247
504;2022;146;52;;53;149;48;1907;87;1678;2754;3792
505;2022;158;11;;46;178;81;2073;139;1604;2181;4447
506;2022;136;24;;44;179;63;1936;90;1357;2145;3761
507;2022;137;47;;65;136;54;1888;61;1464;1823;4246
508;2022;140;36;;41;162;48;1897;95;2193;1879;3646
509;2022;156;53;;45;138;53;1721;150;2295;2616;4754
510;2022;141;43;;49;166;64;1819;108;1388;1824;4501
511;2022;167;43;;54;147;85;1796;63;2191;2394;3769
512;2022;152;44;;44;178;52;2088;61;2185;1639;4056
513;2022;150;47;;51;168;55;1673;127;1310;1373;4392
514;2022;136;38;;54;170;70;1980;76;1626;2641;4715
515;2022;163;33;;51;178;56;1894;54;1221;2453;3797
516;2022;154;16;;63;180;76;1857;91;1984;2432;4010
517;2022;145;15;;49;178;82;1764;140;2299;2326;3878
518;2022;167;53;;48;130;69;1800;55;1338;2237;4544
519;2022;163;26;;63;133;58;1909;132;2188;2107;4716
520;2022;145;52;;44;146;84;2074;142;2161;1511;4517
521;2022;145;35;;65;165;84;1760;110;1283;1948;4072
522;2022;146;45;;41;164;78;1972;95;1724;2972;4359
523;2022;166;47;;49;169;66;1788;144;1802;1857;3780
524;2022;160;41;;63;165;72;1654;140;1909;2802;3952
525;2022;146;11;;56;154;55;1721;96;1971;1593;4219
526;2022;140;17;;53;172;84;1921;146;1949;2037;4333
527;2022;152;21;;62;152;60;1782;83;2018;1901;4568
528;2022;148;24;;64;178;63;2064;63;2105;2212;4401
529;2022;149;49;;54;179;60;2053;74;1875;1327;4384
530;2022;143;51;;64;176;40;1953;126;1903;2788;3838
531;2022;142;30;;44;139;54;2049;137;1733;1393;3883
532;2022;158;40;;41;155;72;1787;125;1398;1734;4003
533;2022;144;37;;67;145;77;2047;116;1441;3146;4784
534;2022;140;47;;64;156;40;1702;119;2159;1771;3617
535;2022;146;21;;46;148;43;1926;58;1573;2627;4074
536;2022;148;45;;56;180;51;1747;83;1645;2672;4084
537;2022;146;17;;58;144;79;2039;72;1427;2927;3653
538;2022;157;24;;51;171;42;1960;107;1920;2725;3638
539;2022;139;54;;42;148;85;1952;127;1809;1942;4751
540;2022;147;43;;65;162;72;1987;50;1516;1870;3641
541;2022;164;15;;52;132;46;1746;103;2194;1714;4394
542;2022;161;37;;62;146;63;1675;114;1885;2764;4424
543;2022;156;27;;43;155;82;2049;131;1887;2873;3960
544;2022;156;47;;67;155;65;1732;124;1606;1275;4479
545;2022;156;44;;42;172;63;1890;134;2278;2124;3916
546;2022;140;33;;60;150;60;1877;122;1983;3159;4498
547;2022;152;39;;48;152;83;1847;128;1706;2388;4328
548;2022;156;22;;43;177;58;1930;146;1887;2696;4223
549;2022;136;52;;50;153;77;1767;62;1436;1625;4199
550;2022;156;39;;44;149;52;1920;97;2048;1886;4628
551;2022;139;52;;54;133;43;1700;132;1695;1962;4452
552;2022;149;52;;68;160;49;1973;70;1589;1986;3662
553;2022;158;25;;50;143;65;1686;78;2257;2687;3926
554;2022;160;29;;56;169;49;1921;70;2187;2365;4382
555;2022;140;26;;55;164;73;2057;76;1536;1221;4330
556;2022;157;13;;57;170;44;1828;128;1588;2871;3622
557;2022;147;55;;69;143;82;1927;119;1806;1423;4149
558;2022;140;36;;69;135;55;1899;98;1563;2383;4353
559;2022;150;17;;52;159;46;1743;72;1777;3018;3761
560;2022;144;28;;40;130;55;1686;140;1388;1216;4436
561;2022;151;44;;57;147;81;1885;120;1335;2456;4250
562;2022;160;13;;56;134;84;1992;110;1472;2292;4221
563;2022;151;18;;61;164;50;2096;99;1807;2790;4497
564;2022;138;40;;64;148;81;1735;80;1772;3190;4576
565;2022;157;25;;63;176;59;1939;104;1829;2758;4471
566;2022;166;32;;44;145;65;1659;75;2002;2056;4631
567;2022;167;18;;61;130;67;1903;149;1873;1299;4146
568;2022;159;37;;65;132;77;2047;126;1518;2447;4502
569;2022;167;31;;60;141;81;1787;115;1868;3200;3714
570;2022;156;13;;61;145;80;2055;128;1227;2757;4493
571;2022;146;28;;40;165;80;1655;140;1962;1794;4272
572;2022;155;38;;44;180;53;1737;113;1701;1427;4544
573;2022;147;22;;55;152;85;1907;96;2233;3099;4399
574;2022;147;18;;60;154;46;2094;51;2240;2644;3794
575;2022;138;44;;48;163;50;2070;78;1731;3152;4019
576;2022;138;14;;65;176;70;1762;109;1704;2682;4449
577;2022;162;31;;46;175;60;2058;126;1401;1299;4621
578;2022;145;47;;68;167;78;1914;143;1520;1694;3680
579;2022;147;38;;63;160;67;1877;149;1737;1322;4466
580;2022;142;46;;54;163;46;1922;85;2109;2740;3847
581;2022;147;17;;52;156;42;1964;136;2017;2662;4067
582;2022;153;21;;45;130;57;2092;57;1873;2124;3722
583;2022;165;51;;42;153;83;1711;134;1394;3033;4061
584;2022;160;17;;60;174;56;1837;58;1469;3116;3920
585;2022;143;26;;42;161;41;2030;65;1689;3149;4476
586;2022;144;55;;43;156;50;1999;84;1716;1999;3684
587;2022;146;33;;51;167;52;2058;90;1273;2231;4022
588;2022;142;16;;55;153;43;2052;89;1400;1766;4314
589;2022;153;32;;51;161;46;2086;57;2283;1830;4621
590;2022;137;31;;59;156;58;1845;139;2055;2913;3920
591;2022;167;34;;61;142;70;1916;74;1210;1971;4405
592;2022;143;29;;51;144;54;1659;134;1341;1807;4648
593;2022;159;29;;68;180;46;1665;143;2007;2065;4382
594;2022;139;51;;53;174;82;1674;100;2099;2963;4685
595;2022;135;22;;64;146;45;1843;67;1457;1307;4111
596;2022;143;32;;63;172;52;1854;125;2298;1744;4368
597;2022;147;26;;46;178;81;1755;98;1389;2404;3738
598;2022;159;24;;69;149;54;1961;73;1905;3193;4627
599;2022;166;28;;69;170;82;1757;126;2126;2971;3874
600;2022;148;54;;48;159;57;2086;120;1441;3073;4522
601;2022;156;28;;69;138;51;1776;88;1588;1814;4038
602;2022;163;13;;62;179;52;1946;126;1845;2903;3976
603;2022;166;20;;63;131;77;1837;71;1760;2464;4182
604;2022;168;26;;57;170;48;1905;103;2031;2399;4059
605;2022;137;49;;47;143;43;1715;86;1705;2854;4205
606;2022;155;27;;41;150;40;1761;56;1318;1867;4395
607;2022;145;36;;42;151;56;1859;139;1914;1420;4013
608;2022;143;53;;66;152;43;1781;150;1716;2889;4393
609;2022;157;31;;41;139;53;1988;138;1571;2895;4339
610;2022;159;26;;49;173;45;1858;54;1203;1934;4577
611;2022;167;44;;65;170;80;1870;54;1366;2214;4512
612;2022;161;42;;48;169;60;1788;106;1369;3166;4277
613;2022;160;39;;51;137;69;1784;66;1616;2126;4433
614;2022;167;21;;41;151;47;2025;146;2242;2019;4361
615;2022;144;20;;48;169;57;2072;94;1828;2531;4725
616;2022;152;53;;61;142;75;2009;98;2040;2270;4085
617;2022;139;53;;56;176;51;2045;123;2086;2136;4158
618;2022;156;32;;69;180;83;1749;132;1907;1918;4412
619;2022;140;33;;62;162;78;1753;86;1529;1327;3712
620;2022;147;25;;44;136;53;1798;146;1608;3081;4071
621;2022;143;53;;70;167;46;1657;54;1325;1927;4397
622;2022;164;31;;67;152;56;1761;143;1894;1896;4175
623;2022;150;12;;60;148;49;1805;133;2058;2119;4742
624;2022;138;55;;50;173;42;1815;145;1823;1800;3933
625;2022;163;19;;53;137;62;1721;55;2028;2154;3800
626;2022;136;38;;62;153;48;1683;146;1671;2172;4074
627;2022;143;24;;63;130;63;1678;131;2219;2185;3936
628;2022;165;51;;40;156;52;1855;80;1785;2911;3835
629;2022;166;23;;47;165;57;1856;88;1768;2449;3990
630;2022;161;11;;44;166;43;1701;61;1643;2450;3734
631;2022;158;28;;70;147;41;1839;94;1362;2103;4338
632;2022;145;53;;61;156;48;2009;115;2213;1801;4252
633;2022;149;31;;66;167;50;1897;143;1637;1639;4613
634;2022;157;48;;49;148;47;1759;141;1422;2424;4040
635;2022;146;40;;50;159;42;2005;85;1992;2710;3633
636;2022;153;20;;55;163;80;1854;102;2076;2037;3695
637;2022;149;37;;41;143;40;1737;69;1230;1554;3906
638;2022;164;15;;53;165;63;1747;119;1978;1664;3719
639;2022;142;34;;58;159;75;1848;87;1220;2907;3834
640;2022;157;22;;43;138;66;1736;79;1903;1810;4225
641;2022;164;21;;69;173;55;2001;90;1655;3017;4332
642;2022;135;41;;51;140;59;1671;124;2017;1947;4171
643;2022;157;32;;61;130;56;1709;130;1407;1845;4638
644;2022;155;34;;64;176;43;1669;127;2293;2469;3716
645;2022;147;29;;45;174;84;1983;135;1919;2825;3952
646;2022;165;19;;61;158;47;1968;58;1659;1424;4047
647;2022;142;52;;56;133;85;1883;52;1646;2348;3654
648;2022;146;35;;64;152;68;1654;57;1992;1799;4379
649;2022;163;55;;68;156;43;1723;62;1988;2903;3674
650;2022;151;26;;52;175;48;2026;84;1642;2291;3878
651;2022;153;17;;59;176;62;1900;89;2155;1720;4343
652;2022;151;32;;50;142;78;1784;124;2113;1678;4479
653;2022;165;46;;63;160;72;1786;108;1727;1881;4213
654;2022;164;30;;51;142;79;1970;149;1469;2916;3956
655;2022;163;10;;52;160;74;1959;96;2237;3171;4335
656;2022;154;11;;50;157;40;1760;51;1725;1306;4438
657;2022;166;28;;66;155;68;2000;117;2141;1476;3924
658;2022;166;55;;69;136;62;1874;78;2228;1289;4570
659;2022;146;31;;52;170;58;2091;130;1897;2791;4527
660;2022;167;43;;60;175;75;1698;68;1730;1827;3983
661;2022;162;13;;54;164;44;1954;64;2271;1956;4558
662;2022;164;27;;58;156;73;1972;64;1395;2158;3699
663;2022;158;46;;53;179;71;2035;115;1639;1709;4273
664;2022;143;49;;48;145;40;2039;56;1704;1439;4361
665;2022;148;54;;67;148;65;1909;100;1820;1873;4770
666;2022;161;12;;68;169;44;1962;134;1667;1231;3778
667;2022;138;21;;60;147;60;1792;76;1404;2313;4260
668;2022;144;37;;69;154;62;1697;62;1326;2145;4254
669;2022;147;42;;70;174;84;1689;72;2062;1596;4120
670;2022;139;26;;64;151;60;2050;126;1918;2268;4223
671;2022;135;13;;42;157;74;1842;132;1884;2222;3810
672;2022;143;48;;51;143;55;1661;89;2196;1822;4263
673;2022;158;23;;70;159;63;1938;122;1399;3064;4406
674;2022;158;35;;44;132;51;1842;114;1236;3172;3997
675;2022;165;36;;47;164;48;1709;63;2070;2153;4098
676;2022;163;32;;42;163;81;1961;128;1414;3194;4136
677;2022;157;29;;66;144;72;1815;53;1983;1707;4138
678;2022;140;17;;55;141;50;1932;100;1842;2195;4576
679;2022;165;32;;70;176;81;2091;103;2274;2963;3673
680;2022;141;17;;47;135;77;1784;115;2012;1364;3656
681;2022;165;53;;46;176;68;1930;141;2081;2482;3805
682;2022;155;38;;55;136;48;1884;141;1994;1293;3662
683;2022;147;51;;53;167;56;1773;85;1236;2351;4747
684;2022;156;45;;48;157;46;2064;64;1444;1373;4063
685;2022;145;30;;67;141;77;1962;145;1390;2360;4668
686;2022;146;47;;60;131;61;1686;101;2060;2958;4569
687;2022;141;34;;48;170;47;1839;63;1648;1944;4486
688;2022;142;24;;70;135;50;2051;115;2264;1956;3631
689;2022;158;30;;65;180;75;1759;81;1506;2070;3885
690;2022;157;48;;48;134;63;1842;56;1660;2530;4784
691;2022;162;39;;60;150;48;1755;56;1434;2297;4784
692;2022;143;25;;70;134;50;1810;146;1411;1680;4186
693;2022;154;26;;48;149;51;1726;147;1951;2002;4478
694;2022;157;36;;46;145;79;1808;140;2295;3138;4320
695;2022;158;44;;64;169;42;2073;56;1350;1620;3936
696;2022;142;13;;61;163;82;1753;135;1322;1840;4548
697;2022;161;54;;46;150;58;2094;148;1747;2010;4621
698;2022;160;44;;49;138;84;1968;96;1580;2905;4160
699;2022;147;31;;56;175;80;1821;76;1693;2366;4417
700;2022;154;14;;40;180;68;1839;72;1419;2379;4181
701;2022;144;32;;49;152;45;1692;142;1859;1966;4645
702;2022;137;48;;43;174;41;1803;82;1407;2436;4426
703;2022;161;36;;59;131;53;2009;112;2286;2660;4471
704;2022;167;23;;47;157;78;1776;136;1298;1847;4644
705;2022;149;23;;51;169;44;1747;145;2227;3011;4283
706;2022;156;52;;45;131;81;1858;94;2178;2494;4774
707;2022;135;15;;65;155;53;1715;122;1733;1860;3822
708;2022;139;27;;45;166;70;1784;50;1508;1782;4588
709;2022;168;17;;66;150;78;1903;144;2049;2289;4384
710;2022;139;39;;65;157;77;1774;130;1468;2595;4352
711;2022;153;20;;56;169;81;1898;86;1887;1498;4676
712;2022;148;45;;55;177;57;1696;75;1361;2607;3781
713;2022;162;43;;40;134;42;1824;67;2072;2169;3600
714;2022;137;29;;65;159;66;1798;144;1444;2533;3901
715;2022;166;16;;40;171;66;1718;130;1920;2425;3891
716;2022;167;23;;43;147;49;1751;143;1493;2731;4476
717;2022;142;55;;65;162;72;1652;106;2021;1880;3772
718;2022;164;18;;55;163;66;1998;63;1852;2968;4440
719;2022;166;37;;65;134;75;1940;54;2176;3080;4593
720;2022;146;44;;41;132;42;1747;97;1290;2899;4414
721;2022;136;25;;63;162;63;2081;94;2039;1776;4222
722;2022;162;42;;66;163;70;1949;56;1235;3160;4719
723;2022;150;43;;67;177;84;2064;132;2217;2478;4781
724;2022;137;19;;53;172;85;1712;146;1320;1588;4313
725;2022;136;13;;48;160;83;1798;74;1776;1796;4552
726;2022;165;26;;44;166;44;1832;60;1379;2705;4724
727;2022;136;30;;49;180;58;1695;94;2167;1358;3856
728;2022;164;40;;68;132;42;1742;90;2092;3021;3749
729;2022;147;15;;62;156;81;1903;148;2256;1774;4793
730;2022;142;49;;67;137;85;1862;95;1711;2796;4133
731;2022;152;41;;64;145;70;2070;138;1801;2736;3937
732;2022;136;11;;58;155;49;1786;97;1302;2880;4074
733;2022;137;11;;69;180;57;2074;68;1229;1337;3726
734;2022;158;41;;68;139;76;1822;109;2217;1459;3846
735;2022;161;47;;69;130;75;2056;109;1731;1734;4093
736;2022;168;18;;53;177;63;2070;149;1399;2749;4040
737;2022;157;19;;62;132;57;2013;143;1524;2848;4497
738;2022;141;41;;41;132;62;1778;105;2185;2305;4322
739;2022;145;36;;69;177;46;1958;135;1668;2150;4658
740;2022;155;50;;47;176;57;1884;85;1659;2762;3870
741;2022;146;18;;70;133;78;1710;63;1288;2840;3821
742;2022;135;16;;56;135;42;1809;133;1881;2981;4007
743;2022;160;52;;45;166;57;1844;101;2157;2679;4707
744;2022;137;50;;55;151;84;1682;83;2072;2253;3648
745;2022;161;18;;61;144;69;1672;141;1637;3162;3862
746;2022;161;35;;52;173;70;2061;113;1680;2805;4301
747;2022;136;18;;49;130;72;1771;129;2051;1784;3778
748;2022;143;36;;47;138;78;1777;110;1867;2269;3677
749;2022;166;19;;59;155;43;1918;90;1470;1481;4050
750;2022;167;37;;48;145;83;1983;148;1469;2001;4053
751;2022;166;16;;59;149;83;1697;123;2170;1385;4551
752;2022;165;12;;67;179;71;1831;98;1539;3007;4412
753;2022;147;18;;54;172;41;1670;138;2101;3114;4212
754;2022;143;29;;55;162;40;1686;144;1424;1427;3779
755;2022;137;46;;57;168;66;2037;97;2234;2659;4756
756;2022;164;22;;69;162;81;1744;115;2022;1239;4044
757;2022;136;38;;59;160;75;1828;98;1243;1883;4399
758;2022;153;29;;70;174;58;1683;140;1334;1318;4660
759;2022;162;19;;50;134;73;1923;124;2255;1235;4709
760;2022;161;27;;55;147;73;1752;112;1735;1961;3830
761;2022;156;21;;51;164;55;2055;53;1518;1330;4735
762;2022;152;34;;44;153;44;2030;52;1424;1467;4770
763;2022;141;35;;42;143;83;1798;144;1387;2830;4741
764;2022;141;39;;53;176;43;1892;138;1626;1724;3775
765;2022;149;36;;45;138;43;1715;98;2099;1840;3786
766;2022;141;16;;69;173;71;2005;130;1698;2030;4303
767;2022;163;50;;56;147;61;1905;123;1418;2553;4364
768;2022;166;22;;50;131;79;2028;67;1219;1369;4439
769;2022;155;11;;55;174;60;1674;66;2023;1362;4384
770;2022;161;43;;64;151;54;1715;111;1680;2084;4091
771;2022;154;34;;52;165;80;1743;86;1620;2999;3981
772;2022;149;51;;66;143;85;2018;77;1712;1437;4601
773;2022;156;51;;42;179;79;2005;96;1716;2130;3901
774;2022;165;41;;53;135;52;1921;91;1841;3140;4573
775;2022;162;46;;46;163;46;1930;127;1254;1812;3828
776;2022;160;15;;65;155;42;1848;105;2218;2891;4526
777;2022;154;40;;48;176;43;2093;106;1711;2931;4410
778;2022;162;39;;58;157;41;2098;125;2083;2707;4391
779;2022;160;18;;57;166;64;1868;52;1777;1761;4777
780;2022;163;10;;58;176;80;2015;99;2284;1298;4701
781;2022;142;15;;43;175;71;1775;134;2291;2326;3812
782;2022;164;45;;64;154;43;1890;51;1362;2145;4500
783;2022;154;45;;60;168;69;1665;137;1573;1518;4169
784;2022;142;21;;60;163;78;2056;58;1446;3190;4629
785;2022;156;12;;60;165;49;1651;96;1438;1436;4226
786;2022;136;11;;51;180;80;2006;124;1769;2029;4463
787;2022;141;43;;60;173;50;2079;71;1988;2102;4475
788;2022;153;35;;62;166;62;1794;67;2036;2127;3839
789;2022;149;42;;41;132;75;1733;55;1840;2942;4189
790;2022;141;27;;41;157;70;1899;147;1529;2238;4747
791;2022;142;45;;58;144;64;1882;102;1690;2772;3849
792;2022;167;55;;42;151;54;1673;57;1995;2685;3922
793;2022;143;16;;64;179;63;1841;86;1607;2174;3868
794;2022;142;29;;42;158;83;1683;82;1551;1637;3809
795;2022;142;37;;57;164;56;1828;75;1329;1497;3819
796;2022;155;11;;53;150;59;1724;149;1737;3170;3943
797;2022;158;13;;63;145;59;1917;138;2297;2727;4240
798;2022;153;40;;46;147;82;2002;137;2141;2137;4504
799;2022;148;33;;68;177;81;1846;128;2158;1949;4059
800;2022;136;36;;53;144;84;1729;113;1231;1496;3855
801;2022;148;10;;54;165;44;1769;55;2239;3135;3926
802;2022;165;25;;43;178;69;1843;56;1403;2776;4660
803;2022;138;16;;64;163;69;2048;109;2068;1713;4310
804;2022;146;11;;59;139;75;1987;99;2284;1974;4763
805;2022;157;24;;67;134;57;1933;147;2288;3138;3705
806;2022;157;17;;70;134;67;1947;104;1818;1761;3854
807;2022;150;51;;50;134;59;1774;107;1553;2021;3774
808;2022;143;36;;49;170;85;2084;130;2042;1308;4215
809;2022;155;54;;53;138;78;2032;129;2199;3157;4703
810;2022;162;25;;67;156;59;1903;121;1516;2761;4269
811;2022;141;15;;64;167;56;1852;78;2000;2642;3622
812;2022;145;31;;66;162;62;1832;125;2196;1675;4273
813;2022;154;26;;42;159;48;1669;89;2263;3070;3948
814;2022;157;10;;65;164;65;1947;149;1645;1641;3824
815;2022;163;38;;69;158;64;1824;109;1915;2020;4737
816;2022;161;29;;65;133;80;1745;64;1347;2916;4350
817;2022;159;12;;66;146;64;1841;54;1424;1758;4739
818;2022;138;26;;70;178;60;1922;135;1561;2555;4268
819;2022;145;25;;65;149;68;2028;68;1588;1477;3917
820;2022;168;49;;69;177;81;1869;55;1428;2577;3747
821;2022;166;16;;66;160;59;1754;91;1323;1867;3802
822;2022;165;46;;52;144;82;1845;75;1319;1861;4275
823;2022;135;48;;60;157;61;1698;73;1209;3172;3678
824;2022;163;45;;61;130;73;1735;90;1523;3041;4749
825;2022;142;16;;68;155;61;1828;114;1647;2003;3629
826;2022;166;39;;47;147;52;2033;60;2219;2455;4166
827;2022;159;33;;64;175;42;1875;117;1316;2673;4739
828;2022;158;34;;40;153;43;1944;113;1604;1674;4548
829;2022;147;27;;49;160;45;1947;67;1428;1232;3717
830;2022;142;18;;42;171;71;2074;127;1550;2947;4565
831;2022;136;30;;41;136;50;1849;66;2068;1466;4143
832;2022;165;25;;57;145;80;2084;149;1320;2721;4375
833;2022;164;38;;44;158;62;2083;64;1671;2552;4191
834;2022;149;11;;59;150;81;1677;145;1485;1759;3648
835;2022;141;22;;42;141;84;1852;113;2049;2086;4445
836;2022;163;54;;44;176;50;2081;134;2226;2531;4278
837;2022;140;50;;45;157;55;2003;67;1779;2708;4786
838;2022;167;19;;62;177;58;1741;122;1536;1251;3619
839;2022;159;14;;49;130;41;1751;126;1690;2536;3861
840;2022;139;51;;48;168;79;2082;92;1636;2584;4593
841;2022;167;46;;48;168;48;1767;75;1210;1945;3987
842;2022;149;52;;45;170;72;2081;127;2136;2467;4478
843;2022;153;27;;47;134;84;1950;118;1432;1469;4268
844;2022;152;35;;47;169;71;2077;67;1595;2178;4474
845;2022;147;40;;55;152;52;1751;126;1598;1841;4786
846;2022;153;33;;57;178;73;1775;113;1455;2348;4788
847;2022;153;52;;65;170;70;2099;130;1567;3107;4221
848;2022;135;37;;64;152;43;1663;57;1355;3128;3986
849;2022;139;40;;45;152;77;1764;100;1374;2518;3976
850;2022;159;36;;50;180;72;2007;60;1936;1889;4263
851;2022;154;43;;58;173;72;2053;100;1408;1237;4084
852;2022;145;41;;51;174;40;1916;71;1685;2884;3866
853;2022;152;54;;55;174;80;1955;126;1203;3126;4318
854;2022;138;31;;41;165;58;1944;79;1364;2927;4458
855;2022;149;48;;45;178;65;2031;66;1220;2207;4734
856;2022;164;40;;51;172;81;1866;137;2015;2867;3993
857;2022;156;37;;40;174;69;1763;101;2277;1541;4652
858;2022;152;48;;48;166;66;1807;109;1750;1536;3886
859;2022;140;18;;51;139;47;1860;92;1437;2917;4637
860;2022;141;53;;52;156;45;1832;77;1446;2570;4231
861;2022;146;34;;65;142;48;2084;140;1353;2199;4329
862;2022;165;46;;62;162;67;1956;85;1532;1737;4745
863;2022;161;35;;61;151;80;1939;144;2085;2433;3829
864;2022;157;36;;70;164;58;1994;121;1799;2551;3751
865;2022;138;34;;59;163;51;2090;132;1697;1327;4558
866;2022;157;23;;43;139;47;2011;123;1501;3194;3668
867;2022;152;41;;56;169;63;1937;113;1237;1274;4753
868;2022;156;43;;64;175;76;1822;73;2138;2341;4289
869;2022;137;37;;48;153;58;1739;69;2113;1297;4458
870;2022;142;34;;46;141;74;1927;106;2158;2660;4160
871;2022;145;39;;52;163;74;1770;69;1617;1991;4340
872;2022;164;22;;65;159;75;1763;94;1927;2459;3636
873;2022;149;30;;63;151;68;1796;86;1544;1735;4662
874;2022;165;39;;63;132;58;2094;121;1562;1608;4506
875;2022;166;13;;52;146;83;1922;122;2231;2285;4668
876;2022;139;13;;47;153;61;1955;144;1510;2472;3834
877;2022;161;33;;44;162;80;1678;113;1247;1255;4199
878;2022;142;18;;40;159;44;2050;150;2263;2044;3945
879;2022;157;52;;46;137;80;1664;86;1211;1862;4247
880;2022;152;45;;54;157;68;1752;127;1283;2351;3768
881;2022;139;17;;58;163;76;1685;90;1926;2820;3863
882;2022;145;45;;55;149;70;1782;114;1310;2771;4351
883;2022;143;47;;45;173;79;1722;50;1626;2335;3754
884;2022;164;24;;57;152;75;1977;68;1346;1469;4563
885;2022;142;33;;67;148;54;2079;100;1498;2376;4134
886;2022;135;49;;43;168;85;1962;108;1268;2638;3936
887;2022;136;50;;43;170;70;1736;103;1770;3025;4345
888;2022;165;47;;61;164;71;1787;119;1854;1553;4109
889;2022;155;55;;65;180;49;1742;70;1641;2110;3757
890;2022;156;20;;50;150;48;1795;124;2006;2286;3762
891;2022;157;27;;40;174;68;2096;101;1647;1453;4536
892;2022;142;27;;50;162;67;1912;99;1595;2818;3907
893;2022;149;23;;54;146;83;2087;77;1629;2201;4078
894;2022;154;21;;64;158;56;1926;72;1960;1611;4067
895;2022;156;50;;60;165;80;2084;136;2153;2326;4580
896;2022;150;21;;55;144;85;1967;62;2102;1345;3633
897;2022;164;16;;49;138;55;1817;86;2053;2852;4296
898;2022;167;20;;59;166;57;2015;88;1424;2103;3736
899;2022;154;49;;59;149;84;2047;73;1396;3020;4788
900;2022;139;23;;70;149;57;1676;84;2170;2799;4036
901;2022;161;25;;61;137;50;2057;96;1335;2303;4515
902;2022;160;22;;61;156;61;1995;134;1634;2097;3852
903;2022;154;39;;55;143;70;1707;109;1519;2366;3718
904;2022;139;13;;63;174;72;2020;93;1712;1256;4423
905;2022;168;45;;44;131;70;1881;149;1878;1581;4376
906;2022;137;41;;61;176;80;2028;132;1511;3055;4083
907;2022;149;26;;49;136;42;1858;126;1632;2754;4786
908;2022;138;18;;52;154;65;1789;133;2014;2185;4218
909;2022;135;43;;66;168;41;1801;120;1888;2623;3956
910;2022;160;19;;57;178;74;1824;85;1594;2421;4239
911;2022;144;31;;65;140;71;1862;72;2086;2200;4119
912;2022;161;28;;57;171;76;1789;58;1562;2198;4169
913;2022;159;33;;45;178;83;1758;106;1705;1396;4125
914;2022;145;10;;52;141;53;1657;132;1350;2449;4744
915;2022;158;13;;67;143;57;1767;68;2158;1793;4738
916;2022;146;49;;61;175;53;1744;138;1637;1531;4506
917;2022;164;44;;61;159;84;2041;58;2149;2910;3707
918;2022;137;27;;70;146;43;1898;130;1748;2983;4298
919;2022;166;34;;66;148;73;1848;94;1593;1814;4699
920;2022;143;36;;51;180;75;1960;140;1230;1332;4096
921;2022;163;19;;70;171;49;1788;113;1676;2293;3826
922;2022;154;48;;64;136;84;2067;71;1631;1912;4358
923;2022;162;36;;52;141;83;1873;56;1231;2664;3922
924;2022;163;21;;58;133;70;1773;146;2203;1419;4669
925;2022;136;22;;40;171;70;1934;64;1280;2764;4407
926;2022;164;55;;62;153;60;1797;94;1292;2812;3984
927;2022;161;20;;47;156;64;2076;144;1681;1428;4363
928;2022;143;43;;46;141;61;1877;113;1781;3033;3841
929;2022;148;32;;45;152;81;1872;127;1589;2425;4694
930;2022;141;21;;56;153;69;2043;134;1892;1496;3663
931;2022;150;25;;64;142;77;2055;140;1828;1336;3892
932;2022;165;39;;68;134;72;1810;70;1377;2040;3922
933;2022;141;26;;49;146;46;2032;66;1965;2781;3909
934;2022;168;36;;58;153;53;1774;134;1999;2825;4130
935;2022;146;32;;68;142;40;2058;83;1649;1716;4208
936;2022;145;28;;64;150;75;1905;60;1320;1273;3959
937;2022;146;51;;53;177;62;1888;104;1787;2691;4490
938;2022;160;46;;40;136;80;1927;88;1678;1936;4133
939;2022;148;52;;47;141;64;2098;141;1721;2321;4014
940;2022;150;12;;45;138;59;1870;134;2188;1534;4054
941;2022;157;35;;68;172;79;1791;85;1970;1228;3857
942;2022;148;37;;53;146;85;1869;54;1744;1884;4062
943;2022;162;26;;69;155;81;1874;78;1265;1299;4560
944;2022;152;19;;53;162;52;1679;80;1657;2850;4257
945;2022;155;52;;42;141;52;1713;148;1956;1904;3613
946;2022;147;37;;47;153;64;1832;54;1757;2677;3892
947;2022;152;44;;50;173;42;1866;146;1842;2460;4367
948;2022;168;47;;58;150;42;1865;144;1708;2323;4226
949;2022;140;21;;55;152;58;1715;60;2294;2274;4379
950;2022;147;46;;47;158;73;1948;98;1704;2533;4230
951;2022;142;26;;65;137;54;1684;134;2079;1628;3834
952;2022;165;34;;53;130;82;2059;110;1592;1400;4256
953;2022;162;36;;58;130;54;1772;114;1783;2722;4623
954;2022;162;13;;41;140;42;1793;52;1337;1700;3676
955;2022;139;46;;54;171;47;1937;145;1870;1306;4344
956;2022;150;40;;67;178;73;1700;120;1602;3143;4791
957;2022;164;36;;58;152;73;1667;130;1667;2801;4177
958;2022;150;20;;51;161;65;1918;125;1380;1266;3782
959;2022;139;30;;48;170;77;1702;108;1385;2784;3604
960;2022;142;38;;53;163;75;1685;58;1424;2747;3703
961;2022;162;54;;59;163;73;1880;83;1706;2204;3895
962;2022;156;45;;46;139;58;1955;67;1677;1442;3738
963;2022;162;43;;62;175;53;2021;135;1285;2251;4276
964;2022;154;50;;60;130;82;2029;118;2221;2590;4482
965;2022;155;24;;57;168;83;2082;73;1602;2047;4764
966;2022;143;53;;55;157;84;1753;94;2237;1708;4753
967;2022;147;13;;43;157;79;1926;125;1724;2046;4604
968;2022;148;27;;62;152;41;1880;144;1737;2328;3610
969;2022;140;13;;40;140;75;1691;148;1324;1443;4598
970;2022;136;41;;44;144;43;1854;112;1349;1260;3756
971;2022;166;26;;68;151;43;1786;64;1906;3198;3607
972;2022;149;10;;62;169;52;2076;77;1515;1826;4392
973;2022;158;11;;46;163;52;1750;143;1764;1798;4409
974;2022;135;38;;55;130;60;1772;109;1405;2502;3696
975;2022;135;31;;60;141;68;1877;136;1741;2136;4172
976;2022;165;40;;55;139;53;1972;60;2276;2377;4053
977;2022;168;37;;43;179;57;1911;145;1655;1821;4706
978;2022;146;11;;45;131;76;1709;126;2299;3035;4006
979;2022;142;23;;56;141;73;2010;67;1948;3145;3800
980;2022;135;34;;60;133;44;1868;83;1459;2058;4422
981;2022;141;35;;59;155;42;2007;124;1606;1368;3835
982;2022;156;37;;67;158;76;2098;81;1482;2755;4368
983;2022;162;42;;58;162;73;1725;106;1930;2536;4685
984;2022;165;12;;53;148;74;1982;114;2027;3110;3739
985;2022;158;28;;70;159;41;1857;85;1461;1472;3720
986;2022;161;43;;69;145;47;1932;141;2272;2287;4077
987;2022;135;47;;68;178;58;1698;84;2196;2623;4755
988;2022;138;55;;44;142;40;1973;106;1602;1809;4533
989;2022;164;25;;66;139;74;1709;56;1973;2429;4657
990;2022;136;43;;50;158;66;1750;82;1921;2421;4032
991;2022;159;44;;58;131;49;2038;112;1646;1648;3863
992;2022;143;48;;40;174;69;1918;146;1765;2280;4683
993;2022;140;24;;45;133;60;1958;102;1500;1425;3757
994;2022;147;31;;40;151;46;1902;88;1685;2652;4655
995;2022;147;43;;40;153;78;1932;80;2224;2288;3870
996;2022;149;20;;52;145;57;1728;92;2068;3165;4579
997;2022;139;26;;67;138;40;1982;121;1786;2260;3902
998;2022;158;53;;51;138;84;1675;100;2266;1933;4277
999;2022;139;33;;55;141;41;1729;80;1601;1900;4649
1000;2022;140;50;;40;156;40;1857;65;2093;2523;4388
